<keymap version="1" name="Windows 复制" parent="$default">
  <action id="CommentByBlockComment">
    <keyboard-shortcut first-keystroke="shift alt a" />
  </action>
  <action id="CopyElement" />
  <action id="Debug">
    <keyboard-shortcut first-keystroke="f5" />
  </action>
  <action id="FindInPath">
    <keyboard-shortcut first-keystroke="shift ctrl f" />
    <keyboard-shortcut first-keystroke="ctrl alt f" />
  </action>
  <action id="Graph.ApplyCurrentLayout" />
  <action id="IntroduceField" />
  <action id="JumpToLastWindow" />
  <action id="Resume" />
  <action id="RunToCursor">
    <keyboard-shortcut first-keystroke="f9" />
  </action>
  <action id="ShowFilterPopup" />
  <action id="StepInto">
    <keyboard-shortcut first-keystroke="f11" />
  </action>
  <action id="StepOut">
    <keyboard-shortcut first-keystroke="f12" />
  </action>
  <action id="StepOver">
    <keyboard-shortcut first-keystroke="f10" />
  </action>
  <action id="ToggleBookmark" />
  <action id="Vcs.Log.ShowAllAffected" />
  <action id="VcsHistory.ShowAllAffected" />
</keymap>