<keymap version="1" name="Windows 复制 正确重做" parent="$default">
  <action id="$Copy">
    <keyboard-shortcut first-keystroke="meta c" />
  </action>
  <action id="$Cut">
    <keyboard-shortcut first-keystroke="shift delete" />
    <keyboard-shortcut first-keystroke="meta x" />
  </action>
  <action id="$Paste">
    <keyboard-shortcut first-keystroke="meta v" />
  </action>
  <action id="$Redo">
    <keyboard-shortcut first-keystroke="shift ctrl z" />
    <keyboard-shortcut first-keystroke="shift alt back_space" />
    <keyboard-shortcut first-keystroke="ctrl y" />
    <keyboard-shortcut first-keystroke="meta y" />
  </action>
  <action id="$SelectAll">
    <keyboard-shortcut first-keystroke="meta a" />
  </action>
  <action id="$Undo">
    <keyboard-shortcut first-keystroke="ctrl z" />
    <keyboard-shortcut first-keystroke="alt back_space" />
    <keyboard-shortcut first-keystroke="meta z" />
  </action>
  <action id="ActivateFavoritesToolWindow" />
  <action id="ActivateProjectToolWindow">
    <keyboard-shortcut first-keystroke="alt 2" />
    <keyboard-shortcut first-keystroke="meta 2" />
  </action>
  <action id="ActivateTerminalToolWindow">
    <keyboard-shortcut first-keystroke="alt f12" />
    <keyboard-shortcut first-keystroke="meta 3" />
  </action>
  <action id="Arrangement.Alias.Rule.Edit" />
  <action id="Arrangement.Rule.Edit" />
  <action id="Back">
    <mouse-shortcut keystroke="control button3" />
    <keyboard-shortcut first-keystroke="ctrl s" />
    <keyboard-shortcut first-keystroke="meta w" />
  </action>
  <action id="ChangesView.Rename">
    <keyboard-shortcut first-keystroke="shift f6" />
  </action>
  <action id="CommentByBlockComment">
    <keyboard-shortcut first-keystroke="shift alt a" />
  </action>
  <action id="CompareTwoFiles" />
  <action id="Console.Jdbc.Debug">
    <keyboard-shortcut first-keystroke="shift ctrl d" />
  </action>
  <action id="Console.TableResult.CompareCells" />
  <action id="Console.TableResult.EditValue">
    <keyboard-shortcut first-keystroke="enter" />
    <keyboard-shortcut first-keystroke="alt enter" />
  </action>
  <action id="Console.TableResult.NavigateAction">
    <mouse-shortcut keystroke="control button1" />
  </action>
  <action id="Console.TableResult.SetDefault" />
  <action id="CopyElement" />
  <action id="Debug">
    <keyboard-shortcut first-keystroke="f5" />
    <keyboard-shortcut first-keystroke="meta 5" />
  </action>
  <action id="Debugger.ShowReferring">
    <mouse-shortcut keystroke="control alt button3" />
  </action>
  <action id="Diff.ShowDiff" />
  <action id="Diff.ShowSettingsPopup" />
  <action id="EditSource">
    <mouse-shortcut keystroke="control button1" />
    <keyboard-shortcut first-keystroke="meta e" />
  </action>
  <action id="Editor Copy">
    <keyboard-shortcut first-keystroke="meta c" />
  </action>
  <action id="Editor Cut">
    <keyboard-shortcut first-keystroke="meta x" />
  </action>
  <action id="Editor Paste">
    <keyboard-shortcut first-keystroke="meta v" />
  </action>
  <action id="Editor Redo">
    <keyboard-shortcut first-keystroke="meta y" />
  </action>
  <action id="Editor SelectAll">
    <keyboard-shortcut first-keystroke="meta a" />
  </action>
  <action id="Editor Undo">
    <keyboard-shortcut first-keystroke="meta z" />
  </action>
  <action id="EditorDecreaseFontSize">
    <keyboard-shortcut first-keystroke="ctrl alt page_down" />
  </action>
  <action id="EditorDeleteLine" />
  <action id="EditorDeleteToWordStart" />
  <action id="EditorDown">
    <keyboard-shortcut first-keystroke="down" />
    <keyboard-shortcut first-keystroke="meta j" />
  </action>
  <action id="EditorDuplicate" />
  <action id="EditorIncreaseFontSize">
    <keyboard-shortcut first-keystroke="ctrl alt page_up" />
  </action>
  <action id="EditorKillToWordEnd">
    <keyboard-shortcut first-keystroke="ctrl back_space" />
  </action>
  <action id="EditorLeft">
    <keyboard-shortcut first-keystroke="left" />
    <keyboard-shortcut first-keystroke="meta b" />
  </action>
  <action id="EditorRight">
    <keyboard-shortcut first-keystroke="right" />
    <keyboard-shortcut first-keystroke="meta f" />
  </action>
  <action id="EditorScrollDownAndMove">
    <keyboard-shortcut first-keystroke="shift ctrl down" />
  </action>
  <action id="EditorUp">
    <keyboard-shortcut first-keystroke="up" />
    <keyboard-shortcut first-keystroke="meta p" />
    <keyboard-shortcut first-keystroke="meta k" />
  </action>
  <action id="FileChooser.GotoDesktop" />
  <action id="FindInPath">
    <keyboard-shortcut first-keystroke="shift ctrl f" />
    <keyboard-shortcut first-keystroke="ctrl alt f" />
  </action>
  <action id="FindNext">
    <keyboard-shortcut first-keystroke="f3" />
    <keyboard-shortcut first-keystroke="ctrl l" />
    <keyboard-shortcut first-keystroke="alt n" />
  </action>
  <action id="FindPrevious">
    <keyboard-shortcut first-keystroke="shift f3" />
    <keyboard-shortcut first-keystroke="shift ctrl l" />
    <keyboard-shortcut first-keystroke="meta m" />
  </action>
  <action id="FindWordAtCaret" />
  <action id="Forward">
    <keyboard-shortcut first-keystroke="ctrl d" />
    <keyboard-shortcut first-keystroke="meta d" />
  </action>
  <action id="Git.Reword.Commit">
    <keyboard-shortcut first-keystroke="shift f6" />
  </action>
  <action id="GoOpenSettings">
    <mouse-shortcut keystroke="control button1" />
  </action>
  <action id="GotoDeclaration">
    <keyboard-shortcut first-keystroke="ctrl b" />
    <mouse-shortcut keystroke="button2" />
    <keyboard-shortcut first-keystroke="meta r" />
  </action>
  <action id="GotoImplementation">
    <keyboard-shortcut first-keystroke="ctrl alt b" />
  </action>
  <action id="GotoNextError" />
  <action id="Graph.ApplyCurrentLayout" />
  <action id="HideAllWindows">
    <keyboard-shortcut first-keystroke="alt 1" />
    <keyboard-shortcut first-keystroke="meta 1" />
  </action>
  <action id="IncrementWindowHeight" />
  <action id="IntroduceField" />
  <action id="JumpToLastWindow" />
  <action id="MoveStatementDown" />
  <action id="PasteMultiple">
    <keyboard-shortcut first-keystroke="shift ctrl insert" />
  </action>
  <action id="ReplaceInPath">
    <keyboard-shortcut first-keystroke="ctrl alt r" />
  </action>
  <action id="ResizeToolWindowDown" />
  <action id="Resume">
    <keyboard-shortcut first-keystroke="ctrl f9" />
    <keyboard-shortcut first-keystroke="f9" />
    <keyboard-shortcut first-keystroke="meta 9" />
  </action>
  <action id="Run">
    <keyboard-shortcut first-keystroke="shift ctrl r" />
    <keyboard-shortcut first-keystroke="meta 4" />
  </action>
  <action id="RunToCursor" />
  <action id="SaveAll">
    <keyboard-shortcut first-keystroke="alt s" />
    <keyboard-shortcut first-keystroke="meta s" />
  </action>
  <action id="SelectNextOccurrence">
    <keyboard-shortcut first-keystroke="alt j" />
    <keyboard-shortcut first-keystroke="meta n" />
  </action>
  <action id="SendEOF" />
  <action id="ShelvedChanges.Rename">
    <keyboard-shortcut first-keystroke="shift f6" />
  </action>
  <action id="ShowFilterPopup" />
  <action id="ShowUsages">
    <keyboard-shortcut first-keystroke="ctrl alt d" />
    <mouse-shortcut keystroke="control alt button1" />
  </action>
  <action id="StepInto">
    <keyboard-shortcut first-keystroke="f11" />
    <keyboard-shortcut first-keystroke="meta minus" />
  </action>
  <action id="StepOut">
    <keyboard-shortcut first-keystroke="f12" />
    <keyboard-shortcut first-keystroke="meta equals" />
  </action>
  <action id="StepOver">
    <keyboard-shortcut first-keystroke="f10" />
    <keyboard-shortcut first-keystroke="meta 0" />
  </action>
  <action id="Stop">
    <keyboard-shortcut first-keystroke="ctrl f2" />
    <keyboard-shortcut first-keystroke="f2" />
    <keyboard-shortcut first-keystroke="meta 6" />
  </action>
  <action id="ToggleBookmark" />
  <action id="ToggleFindInSelection">
    <keyboard-shortcut first-keystroke="ctrl alt e" />
    <keyboard-shortcut first-keystroke="alt m" />
  </action>
  <action id="Uml.ShowDiff" />
  <action id="Vcs.EditSource">
    <mouse-shortcut keystroke="control button1" />
  </action>
  <action id="Vcs.Log.ShowAllAffected" />
  <action id="Vcs.ToggleAmendCommitMode" />
  <action id="VcsHistory.ShowAllAffected" />
  <action id="ViewMainMenu">
    <keyboard-shortcut first-keystroke="shift alt equals" />
  </action>
  <action id="VimPluginToggle">
    <keyboard-shortcut first-keystroke="shift ctrl v" />
    <keyboard-shortcut first-keystroke="alt v" />
  </action>
  <action id="XDebugger.EditWatch" />
  <action id="XDebugger.JumpToSource">
    <mouse-shortcut keystroke="control button1" />
  </action>
  <action id="XDebugger.SetValue" />
  <action id="openAssertEqualsDiff" />
</keymap>