<application>
  <component name="ProjectManager">
    <defaultProject>
      <component name="GOROOT" path="c:\go" />
      <component name="GoLibraries">
        <option name="urls">
          <list>
            <option value="file://D:/Goland/Work/F_Robot" />
            <option value="file://D:/Goland/Work/RobotFrame" />
            <option value="file://D:/Goland/Work/TestServer" />
            <option value="file://D:/Goland/Work/Y_Robot" />
          </list>
        </option>
      </component>
      <component name="PropertiesComponent">
        <property name="configurable.Global.GOPATH.is.expanded" value="true" />
        <property name="configurable.Project.GOPATH.is.expanded" value="true" />
        <property name="go.import.settings.migrated" value="true" />
        <property name="settings.editor.selected.configurable" value="go.vgo" />
      </component>
      <component name="VgoProject">
        <integration-enabled>true</integration-enabled>
        <auto-vendoring-mode>false</auto-vendoring-mode>
        <proxy>https://goproxy.io,direct</proxy>
      </component>
    </defaultProject>
  </component>
</application>